Date/Time,Temp_C,Dew Point Temp_C,Rel Hum_%,Wind Speed_km/h,Visibility_km,Press_kPa,Weather
1/01/2012 0:00,-1.8,-3.9,86,4,8,101.24,Fog
1/01/2012 1:00,-1.8,-3.7,87,4,8,101.24,Fog
1/01/2012 2:00,-1.8,-3.4,89,7,4,101.26,"Freezing Drizzle,Fog"
1/01/2012 3:00,-1.5,-3.2,88,6,4,101.27,"Freezing Drizzle,Fog"
1/01/2012 4:00,-1.5,-3.3,88,7,4.8,101.23,Fog
1/01/2012 5:00,-1.4,-3.3,87,9,6.4,101.27,Fog
1/01/2012 6:00,-1.5,-3.1,89,7,6.4,101.29,Fog
1/01/2012 7:00,-1.4,-3.6,85,7,8,101.26,Fog
1/01/2012 8:00,-1.4,-3.6,85,9,8,101.23,Fog
1/01/2012 9:00,-1.3,-3.1,88,15,4,101.2,Fog
1/01/2012 10:00,-1,-2.3,91,9,1.2,101.15,Fog
1/01/2012 11:00,-0.5,-2.1,89,7,4,100.98,Fog
1/01/2012 12:00,-0.2,-2,88,9,4.8,100.79,Fog
1/01/2012 13:00,0.2,-1.7,87,13,4.8,100.58,Fog
1/01/2012 14:00,0.8,-1.1,87,20,4.8,100.31,Fog
1/01/2012 15:00,1.8,-0.4,85,22,6.4,100.07,Fog
1/01/2012 16:00,2.6,-0.2,82,13,12.9,99.93,Mostly Cloudy
1/01/2012 17:00,3,0,81,13,16.1,99.81,Cloudy
1/01/2012 18:00,3.8,1,82,15,12.9,99.74,Rain
1/01/2012 19:00,3.1,1.3,88,15,12.9,99.68,Rain
1/01/2012 20:00,3.2,1.3,87,19,25,99.5,Cloudy
1/01/2012 21:00,4,1.7,85,20,25,99.39,Cloudy
1/01/2012 22:00,4.4,1.9,84,24,19.3,99.32,Rain Showers
1/01/2012 23:00,5.3,2,79,30,25,99.31,Cloudy
1/02/2012 0:00,5.2,1.5,77,35,25,99.26,Rain Showers
1/02/2012 1:00,4.6,0,72,39,25,99.26,Cloudy
1/02/2012 2:00,3.9,-0.9,71,32,25,99.26,Mostly Cloudy
1/02/2012 3:00,3.7,-1.5,69,33,25,99.3,Mostly Cloudy
1/02/2012 4:00,2.9,-2.3,69,32,25,99.26,Mostly Cloudy
1/02/2012 5:00,2.6,-2.3,70,32,25,99.21,Mostly Cloudy
1/02/2012 6:00,2.3,-2.6,70,26,25,99.18,Mostly Cloudy
1/02/2012 7:00,2,-2.9,70,33,25,99.14,Mostly Cloudy
1/02/2012 8:00,1.9,-3.3,68,39,24.1,99.14,Mostly Cloudy
1/02/2012 9:00,1.8,-3.7,67,44,24.1,99.14,Mostly Cloudy
1/02/2012 10:00,1.5,-4.1,66,43,24.1,99.18,Mostly Cloudy
1/02/2012 11:00,2.2,-3.5,66,30,24.1,99.19,Mostly Cloudy
1/02/2012 12:00,1.7,-6.2,56,48,24.1,99.21,Mainly Clear
1/02/2012 13:00,1.1,-6.5,57,37,24.1,99.27,Mostly Cloudy
1/02/2012 14:00,1.1,-6.8,56,33,24.1,99.33,Mostly Cloudy
1/02/2012 15:00,0,-7,59,33,24.1,99.41,Mostly Cloudy
1/02/2012 16:00,-0.7,-8.7,55,24,24.1,99.5,Mostly Cloudy
1/02/2012 17:00,-2.1,-9.5,57,22,25,99.66,Snow Showers
1/02/2012 18:00,-4.1,-11.4,57,28,25,99.86,Mostly Cloudy
1/02/2012 19:00,-4.8,-12.1,57,24,25,100,Mostly Cloudy
1/02/2012 20:00,-5.6,-13.4,54,24,25,100.07,Snow Showers
1/02/2012 21:00,-5.8,-12.8,58,26,25,100.15,Snow Showers
1/02/2012 22:00,-7,-14.7,54,20,25,100.26,Cloudy
1/02/2012 23:00,-7.4,-14.1,59,17,19.3,100.27,Snow Showers
1/03/2012 0:00,-9,-16,57,28,25,100.35,Snow Showers
1/03/2012 1:00,-9.7,-17.2,54,20,25,100.43,Cloudy
1/03/2012 2:00,-10.5,-15.8,65,22,12.9,100.53,Snow Showers
1/03/2012 3:00,-11.3,-18.7,54,33,25,100.61,Snow Showers
1/03/2012 4:00,-12.6,-20.1,53,24,25,100.68,Cloudy
1/03/2012 5:00,-12.9,-19.1,60,22,25,100.76,Snow Showers
1/03/2012 6:00,-13.3,-19.3,61,19,25,100.85,Snow Showers
1/03/2012 7:00,-14,-19.5,63,19,25,100.95,Snow
1/03/2012 8:00,-14.8,-21.3,58,26,24.1,101.07,Mostly Cloudy
1/03/2012 9:00,-15,-21.9,56,19,24.1,101.2,Mostly Cloudy
1/03/2012 10:00,-15.3,-22.2,56,24,24.1,101.29,Cloudy
1/03/2012 11:00,-14.9,-22.2,54,22,24.1,101.33,Mostly Cloudy
1/03/2012 12:00,-14.9,-22.6,52,20,24.1,101.34,Mainly Clear
1/03/2012 13:00,-15.1,-22.4,54,22,24.1,101.34,Mainly Clear
1/03/2012 14:00,-14.9,-22.9,50,22,24.1,101.38,Mainly Clear
1/03/2012 15:00,-14.8,-22.2,53,19,24.1,101.44,Mainly Clear
1/03/2012 16:00,-15.3,-22.9,52,22,24.1,101.51,Mainly Clear
1/03/2012 17:00,-15.8,-23.2,53,22,24.1,101.58,Mainly Clear
1/03/2012 18:00,-16.3,-23.8,52,24,25,101.64,Mainly Clear
1/03/2012 19:00,-16.9,-24.8,50,24,25,101.74,Clear
1/03/2012 20:00,-17.3,-25.4,49,24,25,101.82,Mainly Clear
1/03/2012 21:00,-17,-24.6,52,15,25,101.86,Mostly Cloudy
1/03/2012 22:00,-17.1,-24.6,52,20,25,101.86,Mostly Cloudy
1/03/2012 23:00,-17.3,-24.2,55,17,25,101.87,Mostly Cloudy
1/04/2012 0:00,-17.5,-24.2,56,13,25,101.88,Mostly Cloudy
1/04/2012 1:00,-17.9,-24.1,58,11,25,101.86,Mainly Clear
1/04/2012 2:00,-18.1,-23.8,61,15,25,101.89,Mainly Clear
1/04/2012 3:00,-18.5,-24.6,59,13,25,101.88,Mainly Clear
1/04/2012 4:00,-18.5,-24.6,59,13,25,101.82,Mainly Clear
1/04/2012 5:00,-18.6,-24,62,9,25,101.77,Mainly Clear
1/04/2012 6:00,-18.5,-24.1,61,11,25,101.74,Cloudy
1/04/2012 7:00,-18.2,-24.1,60,11,25,101.75,Cloudy
1/04/2012 8:00,-17.8,-24.2,57,17,24.1,101.73,Mostly Cloudy
1/04/2012 9:00,-16.8,-22.5,61,9,24.1,101.68,Mostly Cloudy
1/04/2012 10:00,-15.2,-20.6,63,7,24.1,101.54,Mostly Cloudy
1/04/2012 11:00,-14.2,-21.1,56,13,24.1,101.41,Mostly Cloudy
1/04/2012 12:00,-13.7,-21.7,51,11,24.1,101.25,Snow
1/04/2012 13:00,-12.4,-20.1,53,11,24.1,101.07,Cloudy
1/04/2012 14:00,-11.3,-19,53,7,19.3,100.97,Snow
1/04/2012 15:00,-10.2,-16.3,61,11,9.7,100.89,Snow
1/04/2012 16:00,-9.4,-15.5,61,13,19.3,100.79,Snow
1/04/2012 17:00,-8.9,-13.2,71,9,4.8,100.76,Snow
1/04/2012 18:00,-8.9,-12.6,75,11,9.7,100.69,Snow
1/04/2012 19:00,-8.4,-12.7,71,9,16.1,100.65,Snow
1/04/2012 20:00,-7.8,-12.1,71,9,16.1,100.61,Snow
1/04/2012 21:00,-7.6,-11.6,73,7,11.3,100.54,Snow
1/04/2012 22:00,-9.5,-12.7,77,6,9.7,100.5,Snow
1/04/2012 23:00,-9.6,-12.6,79,6,9.7,100.42,Snow
1/05/2012 0:00,-8.8,-11.7,79,4,9.7,100.32,Snow
1/05/2012 1:00,-7.5,-10.2,81,0,9.7,100.29,Snow
1/05/2012 2:00,-5.4,-8.3,80,9,8,100.28,Snow
1/05/2012 3:00,-5,-7.7,81,11,9.7,100.24,Snow
1/05/2012 4:00,-4.1,-6.5,83,9,4.8,100.21,Snow
1/05/2012 5:00,-7,-9.5,82,4,4,100.19,Snow
1/05/2012 6:00,-8.2,-10.7,82,6,6.4,100.26,Snow
1/05/2012 7:00,-7.1,-9.7,82,9,9.7,100.31,Snow
1/05/2012 8:00,-6.1,-9.1,79,11,9.7,100.39,Snow
1/05/2012 9:00,-6.6,-10.1,76,9,24.1,100.42,Mainly Clear
1/05/2012 10:00,-6,-10,73,17,48.3,100.45,Mainly Clear
1/05/2012 11:00,-5.6,-10.2,70,22,48.3,100.41,Mainly Clear
1/05/2012 12:00,-4.7,-9.6,69,20,48.3,100.38,Mainly Clear
1/05/2012 13:00,-4.4,-9.7,66,26,48.3,100.4,Mainly Clear
1/05/2012 14:00,-5.1,-10.7,65,22,48.3,100.46,Mainly Clear
1/05/2012 15:00,-4.3,-12,55,26,48.3,100.52,Mainly Clear
1/05/2012 16:00,-5,-12.7,55,19,24.1,100.6,Mainly Clear
1/05/2012 17:00,-6.7,-14.1,56,11,25,100.65,Mainly Clear
1/05/2012 18:00,-7.1,-14.4,56,11,25,100.71,Clear
1/05/2012 19:00,-9.2,-15.4,61,7,25,100.8,Clear
1/05/2012 20:00,-9.8,-15.7,62,9,25,100.83,Clear
1/05/2012 21:00,-9,-14.8,63,13,25,100.83,Clear
1/05/2012 22:00,-9.9,-15.7,63,7,25,100.85,Cloudy
1/05/2012 23:00,-9.4,-15.5,61,9,25,100.83,Cloudy
1/06/2012 0:00,-9.6,-16.8,56,13,25,100.81,Cloudy
1/06/2012 1:00,-10,-17.3,55,17,25,100.81,Cloudy
1/06/2012 2:00,-10.5,-16.5,61,9,25,100.84,Cloudy
1/06/2012 3:00,-10.6,-16,64,0,9.7,100.76,Snow
1/06/2012 4:00,-11.3,-16.1,68,15,3.2,100.7,Snow
1/06/2012 5:00,-11.8,-16,71,19,2.8,100.61,Snow
1/06/2012 6:00,-12,-16.2,71,22,4.8,100.58,Snow
1/06/2012 7:00,-14.4,-16.3,85,22,2.4,100.52,Snow
1/06/2012 8:00,-12.3,-16.2,73,24,11.3,100.51,Snow
1/06/2012 9:00,-12.5,-16.7,71,26,19.3,100.53,Snow
1/06/2012 10:00,-12.3,-16.3,72,28,16.1,100.47,Snow
1/06/2012 11:00,-12,-16,72,17,24.1,100.36,Snow
1/06/2012 12:00,-11.7,-15.4,74,28,19.3,100.23,Snow
1/06/2012 13:00,-11.9,-15.6,74,20,24.1,100.13,Snow
1/06/2012 14:00,-11.2,-14.8,75,19,19.3,100.07,Snow
1/06/2012 15:00,-11.5,-14.4,79,19,12.9,100.06,Snow
1/06/2012 16:00,-11.6,-14.7,78,19,19.3,100.1,Snow
1/06/2012 17:00,-11.2,-14.3,78,17,25,100.15,Snow
1/06/2012 18:00,-10.5,-13.6,78,17,19.3,100.12,Cloudy
1/06/2012 19:00,-10.5,-13.4,79,15,25,100.13,Cloudy
1/06/2012 20:00,-10.2,-13,80,11,25,100.15,Cloudy
1/06/2012 21:00,-9.5,-12.5,79,9,25,100.13,Cloudy
1/06/2012 22:00,-9.3,-12.2,79,11,19.3,100.16,Cloudy
1/06/2012 23:00,-9,-12,79,7,16.1,100.15,Cloudy
1/07/2012 0:00,-8.7,-11.7,79,6,16.1,100.13,Cloudy
1/07/2012 1:00,-8.5,-11.4,80,0,19.3,100.11,Cloudy
1/07/2012 2:00,-8.1,-11.1,79,4,19.3,100.15,Cloudy
1/07/2012 3:00,-7.8,-10.8,79,4,19.3,100.12,Cloudy
1/07/2012 4:00,-7.5,-10.5,79,6,19.3,100.1,Cloudy
1/07/2012 5:00,-6.9,-9.7,80,4,19.3,100.12,Cloudy
1/07/2012 6:00,-6.7,-9.5,80,7,16.1,100.12,Cloudy
1/07/2012 7:00,-7,-9.7,81,7,16.1,100.16,Cloudy
1/07/2012 8:00,-6.4,-9,82,9,8,100.1,"Freezing Drizzle,Fog"
1/07/2012 9:00,-6.1,-8.7,82,7,9.7,100.15,"Freezing Rain,Fog"
1/07/2012 10:00,-5.7,-8,84,7,8,100.13,Freezing Rain
1/07/2012 11:00,-5.4,-7.7,84,9,9.7,100.08,Freezing Drizzle
1/07/2012 12:00,-5.5,-7.8,84,13,9.7,100.05,Freezing Drizzle
1/07/2012 13:00,-4.8,-7.2,83,15,9.7,100.07,Freezing Rain
1/07/2012 14:00,-4.4,-6.9,83,6,8,100.09,Snow
1/07/2012 15:00,-3.7,-6.1,83,11,8,100.09,Snow
1/07/2012 16:00,-3.6,-5.9,84,0,8,100.15,Snow
1/07/2012 17:00,-3.1,-5.4,84,13,8,100.27,Snow
1/07/2012 18:00,-3.2,-5.3,85,6,9.7,100.33,Snow
1/07/2012 19:00,-3,-5,86,6,8,100.41,Snow
1/07/2012 20:00,-1.8,-3.7,87,4,9.7,100.48,Snow
1/07/2012 21:00,-1.3,-3.1,88,0,6.4,100.5,Snow
1/07/2012 22:00,-1.5,-3,89,4,4,100.54,Fog
1/07/2012 23:00,0.4,-1.5,87,22,9.7,100.62,Snow
1/08/2012 0:00,0.6,-3.2,76,32,25,100.72,Cloudy
1/08/2012 1:00,-0.6,-4.6,74,32,25,100.8,Mostly Cloudy
1/08/2012 2:00,-1.7,-6.2,71,30,25,100.98,Mostly Cloudy
1/08/2012 3:00,-3.5,-8.3,69,32,25,101.13,Mainly Clear
1/08/2012 4:00,-4.4,-9.2,69,22,25,101.21,Mainly Clear
1/08/2012 5:00,-5.9,-10.5,70,13,25,101.33,Mainly Clear
1/08/2012 6:00,-5.8,-10.8,68,13,25,101.47,Cloudy
1/08/2012 7:00,-5.6,-10.3,69,11,25,101.59,Cloudy
1/08/2012 8:00,-5.9,-10.7,69,11,24.1,101.7,Snow
1/08/2012 9:00,-6.4,-11.9,65,17,24.1,101.81,Snow
1/08/2012 10:00,-6.5,-11.6,67,17,9.7,101.89,Snow
1/08/2012 11:00,-7.1,-12.6,65,22,24.1,101.92,Snow
1/08/2012 12:00,-6.7,-11.9,66,15,24.1,101.9,Snow
1/08/2012 13:00,-6.5,-12.4,63,15,24.1,101.94,Cloudy
1/08/2012 14:00,-6.5,-12,65,19,24.1,101.97,Mostly Cloudy
1/08/2012 15:00,-6.6,-12.9,61,20,48.3,102.04,Mostly Cloudy
1/08/2012 16:00,-6.6,-13.3,59,20,24.1,102.09,Mostly Cloudy
1/08/2012 17:00,-7.2,-13.8,59,17,25,102.17,Mainly Clear
1/08/2012 18:00,-8.1,-14.1,62,17,25,102.23,Mainly Clear
1/08/2012 19:00,-8,-13.9,62,15,25,102.26,Mostly Cloudy
1/08/2012 20:00,-8.3,-13.7,65,15,25,102.28,Mostly Cloudy
1/08/2012 21:00,-8.3,-13.9,64,11,25,102.26,Mostly Cloudy
1/08/2012 22:00,-8.7,-14,65,7,25,102.22,Mostly Cloudy
1/08/2012 23:00,-9,-13.9,68,7,25,102.22,Mostly Cloudy
1/09/2012 0:00,-9.2,-14.3,66,6,25,102.17,Mostly Cloudy
1/09/2012 1:00,-9.8,-14.5,68,0,25,102.13,Mostly Cloudy
1/09/2012 2:00,-9,-14.1,66,4,25,102.15,Mostly Cloudy
1/09/2012 3:00,-8.8,-13.2,70,0,25,102.11,Cloudy
1/09/2012 4:00,-8.5,-13.2,69,9,25,102.02,Cloudy
1/09/2012 5:00,-8.4,-12.7,71,11,25,101.93,Cloudy
1/09/2012 6:00,-7.7,-11.9,72,11,25,101.86,Cloudy
1/09/2012 7:00,-6.8,-11,72,15,25,101.8,Mostly Cloudy
1/09/2012 8:00,-5.9,-10.5,70,13,16.1,101.74,Snow
1/09/2012 9:00,-5.4,-9.2,75,11,12.9,101.68,Snow
1/09/2012 10:00,-4.8,-8.3,76,9,16.1,101.64,Snow
1/09/2012 11:00,-3.7,-7.2,77,7,24.1,101.54,Snow
1/09/2012 12:00,-2.5,-6.6,73,9,24.1,101.4,Cloudy
1/09/2012 13:00,-1.7,-5.8,74,7,24.1,101.27,Cloudy
1/09/2012 14:00,-1.4,-5.1,76,7,24.1,101.2,Cloudy
1/09/2012 15:00,-1,-5.1,74,9,24.1,101.13,Mostly Cloudy
1/09/2012 16:00,-1.3,-5.7,72,11,24.1,101.05,Mostly Cloudy
1/09/2012 17:00,-1.4,-5.8,72,15,24.1,100.96,Mostly Cloudy
1/09/2012 18:00,-1,-5.6,71,20,25,100.9,Mostly Cloudy
1/09/2012 19:00,-1.1,-5.8,70,19,25,100.83,Mostly Cloudy
1/09/2012 20:00,-1.5,-6.2,70,15,25,100.77,Mostly Cloudy
1/09/2012 21:00,-1.7,-6.3,71,11,25,100.64,Mostly Cloudy
1/09/2012 22:00,-0.3,-6.3,64,19,25,100.54,Mostly Cloudy
1/09/2012 23:00,-0.2,-6.1,64,17,25,100.45,Cloudy
1/10/2012 0:00,2.5,-5.2,57,30,25,100.38,Cloudy
1/10/2012 1:00,2.3,-3.4,66,35,25,100.28,Snow
1/10/2012 2:00,1.4,-2.5,75,19,6.4,100.23,Snow
1/10/2012 3:00,1.6,-2,77,28,25,100.16,Snow
1/10/2012 4:00,1.2,-1.7,81,26,25,100.07,Cloudy
1/10/2012 5:00,0.8,-1.2,86,30,9.7,100.02,"Rain,Snow"
1/10/2012 6:00,0.7,-1.2,87,30,8,100.04,Snow
1/10/2012 7:00,1.5,-0.7,85,20,8,100.08,Snow
1/10/2012 8:00,1.2,-1.1,85,24,16.1,100.11,Cloudy
1/10/2012 9:00,1.6,-0.8,84,17,19.3,100.23,Cloudy
1/10/2012 10:00,2,-0.9,81,24,24.1,100.27,Mostly Cloudy
1/10/2012 11:00,2.6,-1.1,77,22,24.1,100.29,Mainly Clear
1/10/2012 12:00,1.4,-3.1,72,30,24.1,100.32,Mostly Cloudy
1/10/2012 13:00,0.7,-5.4,64,26,24.1,100.36,Mostly Cloudy
1/10/2012 14:00,-0.2,-6.2,64,26,24.1,100.45,Mainly Clear
1/10/2012 15:00,-1.4,-7.9,61,30,24.1,100.65,Mainly Clear
1/10/2012 16:00,-3.1,-10.9,55,30,24.1,100.81,Mostly Cloudy
1/10/2012 17:00,-4,-12,54,17,24.1,100.91,Mostly Cloudy
1/10/2012 18:00,-4.9,-12.7,54,15,25,101.04,Mostly Cloudy
1/10/2012 19:00,-5.7,-13.8,53,15,25,101.15,Mostly Cloudy
1/10/2012 20:00,-6.4,-14.3,53,13,25,101.24,Mostly Cloudy
1/10/2012 21:00,-6.6,-13.6,57,9,25,101.32,Mostly Cloudy
1/10/2012 22:00,-7.3,-14.7,55,13,25,101.34,Mostly Cloudy
1/10/2012 23:00,-8.6,-15.6,57,19,25,101.44,Mostly Cloudy
1/11/2012 0:00,-9.5,-16.8,55,17,25,101.43,Mostly Cloudy
1/11/2012 1:00,-10.7,-17.8,56,17,25,101.49,Clear
1/11/2012 2:00,-12,-18.9,56,19,25,101.57,Clear
1/11/2012 3:00,-12.7,-19.4,57,19,25,101.64,Clear
1/11/2012 4:00,-13.4,-20.1,57,17,25,101.66,Clear
1/11/2012 5:00,-13.9,-21,55,19,25,101.66,Mainly Clear
1/11/2012 6:00,-14.4,-21.1,57,20,25,101.72,Mainly Clear
1/11/2012 7:00,-14.4,-21,57,13,25,101.77,Mostly Cloudy
1/11/2012 8:00,-14.7,-21.4,57,15,24.1,101.8,Mostly Cloudy
1/11/2012 9:00,-14.3,-20.8,58,15,24.1,101.81,Mostly Cloudy
1/11/2012 10:00,-13.9,-20.9,55,11,19.3,101.89,Cloudy
1/11/2012 11:00,-13.4,-20.8,54,15,24.1,101.78,Mostly Cloudy
1/11/2012 12:00,-12.7,-20.4,53,17,24.1,101.68,Cloudy
1/11/2012 13:00,-12.2,-20,52,19,24.1,101.63,Mostly Cloudy
1/11/2012 14:00,-11.4,-19.4,52,20,24.1,101.56,Mostly Cloudy
1/11/2012 15:00,-11.6,-19.9,50,20,24.1,101.61,Mostly Cloudy
1/11/2012 16:00,-11.8,-20.9,47,20,24.1,101.6,Mostly Cloudy
1/11/2012 17:00,-11.9,-20.1,51,26,24.1,101.56,Mostly Cloudy
1/11/2012 18:00,-12,-19.9,52,24,25,101.51,Mostly Cloudy
1/11/2012 19:00,-11.8,-19.2,54,30,25,101.43,Mostly Cloudy
1/11/2012 20:00,-11.2,-18.1,57,24,25,101.4,Cloudy
1/11/2012 21:00,-11.2,-16.5,65,19,25,101.32,Cloudy
1/11/2012 22:00,-10.8,-16,65,22,25,101.29,Cloudy
1/11/2012 23:00,-10.7,-15.7,67,20,25,101.19,Mostly Cloudy
1/12/2012 0:00,-10,-15.2,66,19,25,101.17,Mostly Cloudy
1/12/2012 1:00,-9.8,-15.2,65,24,25,101.13,Mostly Cloudy
1/12/2012 2:00,-9.4,-15,64,26,25,101.08,Cloudy
1/12/2012 3:00,-9,-14.7,63,33,25,101.02,Cloudy
1/12/2012 4:00,-8.5,-14.1,64,22,25,100.93,Cloudy
1/12/2012 5:00,-8,-13.7,64,30,25,100.81,Cloudy
1/12/2012 6:00,-7.6,-13.1,65,28,25,100.76,Cloudy
1/12/2012 7:00,-7.3,-12.7,65,28,16.1,100.69,Snow Showers
1/12/2012 8:00,-7.1,-11.3,72,33,6.4,100.61,Snow
1/12/2012 9:00,-6.8,-10.5,75,33,3.2,100.54,Snow
1/12/2012 10:00,-6.2,-9.6,77,35,4.8,100.46,Snow
1/12/2012 11:00,-6,-9.5,76,32,2,100.35,Snow
1/12/2012 12:00,-5.8,-8.9,79,32,4.8,100.22,Snow
1/12/2012 13:00,-5.8,-8.6,81,33,1.2,100.09,Snow
1/12/2012 14:00,-5.7,-8.5,81,28,1.2,99.97,Snow
1/12/2012 15:00,-5.2,-7.6,83,26,0.8,99.9,Moderate Snow
1/12/2012 16:00,-4.9,-7.3,83,33,0.6,99.88,Moderate Snow
1/12/2012 17:00,-5.1,-7.6,83,33,1,99.83,Snow
1/12/2012 18:00,-5.4,-8.1,81,35,1.2,99.76,Snow
1/12/2012 19:00,-5,-7.6,82,30,4,99.72,Snow
1/12/2012 20:00,-5,-7.8,81,28,6.4,99.64,Snow
1/12/2012 21:00,-4.7,-7.6,80,24,6.4,99.56,Snow
1/12/2012 22:00,-4.1,-6.8,81,26,25,99.47,Snow
1/12/2012 23:00,-4.6,-7,83,28,3.2,99.4,Snow
1/13/2012 0:00,-5.1,-7.5,83,28,2.4,99.3,Snow
1/13/2012 1:00,-5,-7.7,81,24,4.8,99.24,Snow
1/13/2012 2:00,-4.8,-7.5,81,22,25,99.22,Snow
1/13/2012 3:00,-4.5,-6.9,83,19,4.8,99.19,"Freezing Drizzle,Snow"
1/13/2012 4:00,-5,-7.4,83,24,11.3,99.13,Cloudy
1/13/2012 5:00,-5.1,-7.7,82,20,12.9,99.06,Cloudy
1/13/2012 6:00,-5.4,-7.8,83,22,16.1,98.94,Cloudy
1/13/2012 7:00,-5.1,-7.7,82,22,16.1,98.84,Cloudy
1/13/2012 8:00,-5.1,-7.5,83,26,8,98.69,Freezing Rain
1/13/2012 9:00,-5,-7.3,84,32,4.8,98.56,"Freezing Rain,Snow Grains"
1/13/2012 10:00,-4.8,-7.2,83,26,12.9,98.44,Freezing Drizzle
1/13/2012 11:00,-4.8,-7.3,83,28,9.7,98.22,Freezing Rain
1/13/2012 12:00,-4.8,-7.5,81,24,2,98.07,Snow
1/13/2012 13:00,-4.9,-7.3,83,20,1.2,97.99,Snow
1/13/2012 14:00,-4.8,-7,85,6,2,98.07,Snow
1/13/2012 15:00,-4.3,-6.5,85,13,8,98.1,Snow
1/13/2012 16:00,-3.7,-6,84,11,6.4,98.16,Snow
1/13/2012 17:00,-2.9,-4.8,87,15,1.6,98.23,Snow
1/13/2012 18:00,-1.7,-3.3,89,26,16.1,98.32,Snow
1/13/2012 19:00,-2.5,-4.5,86,33,2,98.6,Snow
1/13/2012 20:00,-3.2,-5.1,87,32,2,98.89,Snow
1/13/2012 21:00,-4.8,-7.9,79,37,4.8,99.09,"Snow,Blowing Snow"
1/13/2012 22:00,-5.5,-10.1,70,32,12.9,99.28,Snow
1/13/2012 23:00,-7.6,-11.2,75,35,9.7,99.51,"Snow,Blowing Snow"
1/14/2012 0:00,-8.9,-13.1,72,39,9.7,99.67,"Snow,Blowing Snow"
1/14/2012 1:00,-9.7,-14.3,69,24,12.9,99.85,Snow
1/14/2012 2:00,-11.2,-15.5,70,28,9.7,100.01,"Snow,Blowing Snow"
1/14/2012 3:00,-12,-16.2,71,24,8,100.16,"Snow,Blowing Snow"
1/14/2012 4:00,-13.4,-18.9,63,20,16.1,100.26,Snow
1/14/2012 5:00,-14.3,-19.8,63,24,25,100.39,Cloudy
1/14/2012 6:00,-15.2,-20.6,63,24,25,100.6,Cloudy
1/14/2012 7:00,-16.8,-22.2,63,26,25,100.73,Mostly Cloudy
1/14/2012 8:00,-17.9,-23.5,62,20,24.1,100.84,Mostly Cloudy
1/14/2012 9:00,-18,-23.6,61,19,24.1,100.97,Cloudy
1/14/2012 10:00,-18,-23.9,60,22,24.1,101.08,Mostly Cloudy
1/14/2012 11:00,-17.8,-23.9,59,20,24.1,101.14,Mostly Cloudy
1/14/2012 12:00,-17.5,-23.8,58,20,48.3,101.16,Mostly Cloudy
1/14/2012 13:00,-17.1,-24.1,55,17,48.3,101.18,Mainly Clear
1/14/2012 14:00,-16.7,-23.4,56,17,48.3,101.2,Mostly Cloudy
1/14/2012 15:00,-16.7,-23.4,56,22,48.3,101.24,Mostly Cloudy
1/14/2012 16:00,-16.7,-24.3,52,19,24.1,101.3,Mostly Cloudy
1/14/2012 17:00,-17.4,-24.4,54,13,25,101.36,Mostly Cloudy
1/14/2012 18:00,-17.7,-24.3,56,20,25,101.46,Mainly Clear
1/14/2012 19:00,-18.3,-24.4,59,17,25,101.56,Mainly Clear
1/14/2012 20:00,-19.6,-25.8,58,13,25,101.62,Mainly Clear
1/14/2012 21:00,-20,-25.9,59,11,25,101.65,Mostly Cloudy
1/14/2012 22:00,-19.9,-26,58,13,25,101.74,Mostly Cloudy
1/14/2012 23:00,-20.3,-26.2,59,9,25,101.79,Mostly Cloudy
1/15/2012 0:00,-21.2,-26.8,61,11,25,101.81,Cloudy
1/15/2012 1:00,-21.1,-26.6,61,9,25,101.86,Cloudy
1/15/2012 2:00,-21.4,-26.6,63,9,25,101.99,Cloudy
1/15/2012 3:00,-20.7,-26.1,62,4,25,102.04,Cloudy
1/15/2012 4:00,-21,-26.6,61,0,25,102.12,Cloudy
1/15/2012 5:00,-21.3,-26.5,63,6,25,102.19,Mostly Cloudy
1/15/2012 6:00,-23.2,-28.5,62,7,25,102.28,Mostly Cloudy
1/15/2012 7:00,-22.8,-28,62,9,25,102.37,Mainly Clear
1/15/2012 8:00,-23.3,-28.5,62,7,24.1,102.45,Clear
1/15/2012 9:00,-22.2,-27.8,60,9,48.3,102.57,Mainly Clear
1/15/2012 10:00,-20.6,-26.8,58,9,48.3,102.66,Mainly Clear
1/15/2012 11:00,-19.3,-26.1,55,9,48.3,102.68,Mainly Clear
1/15/2012 12:00,-18,-25.5,52,13,48.3,102.67,Mainly Clear
1/15/2012 13:00,-16.8,-24.2,53,20,48.3,102.65,Mainly Clear
1/15/2012 14:00,-16,-23.4,53,26,48.3,102.66,Mainly Clear
1/15/2012 15:00,-15.4,-22.8,53,24,48.3,102.71,Clear
1/15/2012 16:00,-15.1,-22.8,52,24,48.3,102.79,Clear
1/15/2012 17:00,-16.2,-23.2,55,15,25,102.85,Clear
1/15/2012 18:00,-16.3,-22.9,57,17,25,102.89,Clear
1/15/2012 19:00,-16.3,-22.7,58,20,25,102.94,Clear
1/15/2012 20:00,-16.7,-22.4,61,17,25,102.98,Clear
1/15/2012 21:00,-16.9,-22.2,63,15,25,103.02,Clear
1/15/2012 22:00,-16.9,-21.7,66,17,25,103.07,Clear
1/15/2012 23:00,-16.9,-21.4,68,15,25,103.09,Clear
1/16/2012 0:00,-17.1,-21.9,66,15,25,103.09,Clear
1/16/2012 1:00,-17.8,-22.7,65,6,25,103.05,Clear
1/16/2012 2:00,-18.5,-23,68,6,25,103.08,Clear
1/16/2012 3:00,-19.2,-23.8,67,6,25,103.07,Clear
1/16/2012 4:00,-18.7,-23.5,66,0,25,103.05,Clear
1/16/2012 5:00,-19.1,-23.3,69,0,25,103.02,Clear
1/16/2012 6:00,-18.7,-23.2,68,0,25,103.01,Clear
1/16/2012 7:00,-17.9,-21.5,73,4,48.3,102.96,Mainly Clear
1/16/2012 8:00,-17.9,-22.6,67,9,48.3,102.9,Mostly Cloudy
1/16/2012 9:00,-14.4,-20.7,59,22,48.3,102.75,Cloudy
1/16/2012 10:00,-13.6,-18.7,65,19,48.3,102.62,Mostly Cloudy
1/16/2012 11:00,-12.7,-17.7,66,20,48.3,102.44,Mostly Cloudy
1/16/2012 12:00,-10.7,-16.9,60,19,48.3,102.17,Mostly Cloudy
1/16/2012 13:00,-10.1,-16.1,61,13,48.3,101.92,Cloudy
1/16/2012 14:00,-9,-13.8,68,13,48.3,101.71,Mostly Cloudy
1/16/2012 15:00,-8,-13.8,63,17,48.3,101.49,Cloudy
1/16/2012 16:00,-7.1,-14.1,57,9,48.3,101.41,Cloudy
1/16/2012 17:00,-7.6,-14.8,56,4,25,101.34,Mostly Cloudy
1/16/2012 18:00,-12.5,-17.5,66,15,25,101.31,Mainly Clear
1/16/2012 19:00,-14.8,-19.1,70,15,25,101.23,Mainly Clear
1/16/2012 20:00,-14,-18.3,70,13,25,101.19,Cloudy
1/16/2012 21:00,-12.9,-17.1,71,11,25,101.12,Cloudy
1/16/2012 22:00,-12.2,-16.5,70,9,25,101.05,Cloudy
1/16/2012 23:00,-11.5,-15.7,71,7,25,100.98,Cloudy
1/17/2012 0:00,-10.8,-15,71,9,25,100.94,Cloudy
1/17/2012 1:00,-10.4,-14.6,71,9,25,100.88,Cloudy
1/17/2012 2:00,-9.7,-13.7,73,9,25,100.84,Cloudy
1/17/2012 3:00,-9.2,-13.2,73,6,25,100.84,Cloudy
1/17/2012 4:00,-9,-12.2,78,6,6.4,100.8,Freezing Drizzle
1/17/2012 5:00,-8.3,-10.4,85,6,3.6,100.75,"Freezing Drizzle,Snow"
1/17/2012 6:00,-7.7,-9.9,84,6,2.4,100.72,"Freezing Drizzle,Snow"
1/17/2012 7:00,-7.5,-9.6,85,9,2,100.69,Snow
1/17/2012 8:00,-7.4,-9.6,84,9,2.4,100.65,Snow
1/17/2012 9:00,-7,-9.5,82,15,4,100.59,Snow
1/17/2012 10:00,-6.5,-9,82,15,1.2,100.6,Snow
1/17/2012 11:00,-6.1,-8.5,83,15,2.4,100.53,Snow
1/17/2012 12:00,-5.3,-7.9,82,19,2.8,100.38,Snow
1/17/2012 13:00,-5.1,-7.7,82,22,2.4,100.23,Snow
1/17/2012 14:00,-4.3,-6.5,85,22,1.6,100.05,Snow
1/17/2012 15:00,-3.7,-6,84,24,1.2,99.9,Snow
1/17/2012 16:00,-3.5,-6,83,28,1.2,99.69,Snow
1/17/2012 17:00,-3.6,-5.9,84,22,1.6,99.57,Snow
1/17/2012 18:00,-3.5,-5.8,84,22,2.4,99.38,Snow
1/17/2012 19:00,-3.3,-5.6,84,24,4.8,99.22,"Freezing Drizzle,Snow"
1/17/2012 20:00,-3.6,-5.7,85,24,3.2,98.98,Freezing Rain
1/17/2012 21:00,-2.9,-4.9,86,26,2.8,98.71,Freezing Rain
1/17/2012 22:00,-1.6,-3.2,89,17,3.2,98.47,Freezing Rain
1/17/2012 23:00,-0.6,-2.1,90,7,2.8,98.32,"Freezing Rain,Fog"
1/18/2012 0:00,2.1,0.7,90,11,8,98.31,Fog
1/18/2012 1:00,3.7,-2.1,66,83,25,98.36,Mostly Cloudy
1/18/2012 2:00,0.5,-4,72,70,25,98.62,Mostly Cloudy
1/18/2012 3:00,-3.5,-8.2,70,57,25,99,Mostly Cloudy
1/18/2012 4:00,-6.1,-10.9,69,48,25,99.36,Snow
1/18/2012 5:00,-7.7,-12.4,69,46,19.3,99.7,Snow
1/18/2012 6:00,-8.5,-13.9,65,39,19.3,100,Mostly Cloudy
1/18/2012 7:00,-9.8,-15.4,64,39,19.3,100.22,Mainly Clear
1/18/2012 8:00,-10.9,-16.6,63,35,24.1,100.43,Mainly Clear
1/18/2012 9:00,-11.2,-17.2,61,43,24.1,100.65,Mainly Clear
1/18/2012 10:00,-11.2,-17.2,61,35,24.1,100.78,Mainly Clear
1/18/2012 11:00,-11.1,-17.7,58,39,24.1,100.92,Mainly Clear
1/18/2012 12:00,-11,-17.8,57,37,24.1,101,Mainly Clear
1/18/2012 13:00,-10.6,-17.8,55,32,24.1,101.09,Mainly Clear
1/18/2012 14:00,-10.3,-17.6,55,28,48.3,101.19,Mainly Clear
1/18/2012 15:00,-10.4,-18,54,30,48.3,101.32,Mainly Clear
1/18/2012 16:00,-10.6,-18.4,53,26,48.3,101.45,Mainly Clear
1/18/2012 17:00,-11.3,-18.8,54,26,48.3,101.54,Clear
1/18/2012 18:00,-12,-18.2,60,22,25,101.67,Clear
1/18/2012 19:00,-12.7,-18.7,61,22,25,101.78,Clear
1/18/2012 20:00,-13.4,-19.2,62,17,25,101.83,Clear
1/18/2012 21:00,-13.7,-19.3,63,17,25,101.89,Clear
1/18/2012 22:00,-14.2,-19.8,62,13,25,101.92,Clear
1/18/2012 23:00,-14.9,-19.9,66,6,25,101.93,Clear
1/19/2012 0:00,-16.6,-20.9,69,7,25,101.94,Clear
1/19/2012 1:00,-15.2,-18.4,76,4,25,101.89,Clear
1/19/2012 2:00,-14.3,-17.4,77,6,25,101.86,Clear
1/19/2012 3:00,-18,-21.6,73,6,25,101.83,Clear
1/19/2012 4:00,-15.4,-18.3,78,7,25,101.81,Clear
1/19/2012 5:00,-16.6,-19.9,76,6,25,101.85,Clear
1/19/2012 6:00,-15.3,-19.7,69,6,25,101.83,Clear
1/19/2012 7:00,-14.6,-19.2,68,6,24.1,101.84,Clear
1/19/2012 8:00,-13.7,-18.4,68,19,48.3,101.84,Clear
1/19/2012 9:00,-12.7,-17.2,69,17,48.3,101.73,Clear
1/19/2012 10:00,-11.7,-17.2,64,20,48.3,101.68,Mainly Clear
1/19/2012 11:00,-11,-16.9,62,26,48.3,101.56,Mostly Cloudy
1/19/2012 12:00,-8.8,-15.4,59,15,48.3,101.42,Mostly Cloudy
1/19/2012 13:00,-7.3,-14.7,55,20,48.3,101.22,Mostly Cloudy
1/19/2012 14:00,-7,-14.9,53,20,48.3,101.03,Mostly Cloudy
,,,,,,,
,,,,,,,
,,,,,,,
,,,,,,,
,,,,,,,
,,,,,,,
,,,,,,,
,,,,,,,
,,,,,,,
,,,,,,,
,,,,,,,
,,,,,,,
,,,,,,,
,,,,,,,
,,,,,,,
,,,,,,,
,,,,,,,
,,,,,,,
,,,,,,,
,,,,,,,
,,,,,,,
,,,,,,,
,,,,,,,
,,,,,,,
,,,,,,,
,,,,,,,
,,,,,,,
,,,,,,,
,,,,,,,
,,,,,,,
,,,,,,,
,,,,,,,
,,,,,,,
,,,,,,,
,,,,,,,
,,,,,,,
,,,,,,,
,,,,,,,
,,,,,,,
,,,,,,,
,,,,,,,
,,,,,,,
,,,,,,,
,,,,,,,
,,,,,,,
,,,,,,,
,,,,,,,
,,,,,,,
,,,,,,,
,,,,,,,
,,,,,,,
,,,,,,,
,,,,,,,
,,,,,,,
,,,,,,,
,,,,,,,
,,,,,,,
,,,,,,,
,,,,,,,
,,,,,,,
,,,,,,,
,,,,,,,
,,,,,,,
,,,,,,,
,,,,,,,
,,,,,,,
,,,,,,,
,,,,,,,
,,,,,,,
,,,,,,,
,,,,,,,
,,,,,,,
,,,,,,,
,,,,,,,
,,,,,,,
,,,,,,,
,,,,,,,
,,,,,,,
,,,,,,,
,,,,,,,
,,,,,,,
,,,,,,,
,,,,,,,
,,,,,,,
,,,,,,,
,,,,,,,
,,,,,,,
,,,,,,,
,,,,,,,
,,,,,,,
,,,,,,,
,,,,,,,
,,,,,,,
,,,,,,,
,,,,,,,
,,,,,,,
,,,,,,,
,,,,,,,
,,,,,,,
,,,,,,,
,,,,,,,
,,,,,,,
,,,,,,,
,,,,,,,
,,,,,,,
,,,,,,,
,,,,,,,
,,,,,,,
,,,,,,,
,,,,,,,
,,,,,,,
,,,,,,,
,,,,,,,
,,,,,,,
,,,,,,,
,,,,,,,
,,,,,,,
,,,,,,,
,,,,,,,
,,,,,,,
,,,,,,,
,,,,,,,
,,,,,,,
,,,,,,,
,,,,,,,
,,,,,,,
,,,,,,,
,,,,,,,
,,,,,,,
,,,,,,,
,,,,,,,
,,,,,,,
,,,,,,,
,,,,,,,
,,,,,,,
,,,,,,,
,,,,,,,
,,,,,,,
,,,,,,,
,,,,,,,
,,,,,,,
,,,,,,,
,,,,,,,
,,,,,,,
,,,,,,,
,,,,,,,
,,,,,,,
,,,,,,,
,,,,,,,
,,,,,,,
,,,,,,,
,,,,,,,
,,,,,,,
,,,,,,,
,,,,,,,
,,,,,,,
,,,,,,,
,,,,,,,
,,,,,,,
,,,,,,,
,,,,,,,
,,,,,,,
,,,,,,,
,,,,,,,
,,,,,,,
,,,,,,,
,,,,,,,
,,,,,,,
,,,,,,,
,,,,,,,
,,,,,,,
,,,,,,,
,,,,,,,
,,,,,,,
,,,,,,,
,,,,,,,
,,,,,,,
,,,,,,,
,,,,,,,
,,,,,,,
,,,,,,,
,,,,,,,
,,,,,,,
,,,,,,,
,,,,,,,
,,,,,,,
,,,,,,,
,,,,,,,
,,,,,,,
,,,,,,,
,,,,,,,
,,,,,,,
,,,,,,,
,,,,,,,
,,,,,,,
,,,,,,,
,,,,,,,
,,,,,,,
,,,,,,,
,,,,,,,
,,,,,,,
,,,,,,,
,,,,,,,
,,,,,,,
,,,,,,,
,,,,,,,
,,,,,,,
,,,,,,,
,,,,,,,
,,,,,,,
,,,,,,,
,,,,,,,
,,,,,,,
,,,,,,,
,,,,,,,
,,,,,,,
,,,,,,,
,,,,,,,
,,,,,,,
,,,,,,,
,,,,,,,
,,,,,,,
,,,,,,,
,,,,,,,
,,,,,,,
,,,,,,,
,,,,,,,
,,,,,,,
,,,,,,,
,,,,,,,
,,,,,,,
,,,,,,,
,,,,,,,
,,,,,,,
,,,,,,,
,,,,,,,
,,,,,,,
,,,,,,,
,,,,,,,
,,,,,,,
,,,,,,,
,,,,,,,
,,,,,,,
,,,,,,,
,,,,,,,
,,,,,,,
,,,,,,,
,,,,,,,
,,,,,,,
,,,,,,,
,,,,,,,
,,,,,,,
,,,,,,,
,,,,,,,
,,,,,,,
,,,,,,,
,,,,,,,
,,,,,,,
,,,,,,,
,,,,,,,
,,,,,,,
,,,,,,,
,,,,,,,
,,,,,,,
,,,,,,,
,,,,,,,
,,,,,,,
,,,,,,,
,,,,,,,
,,,,,,,
,,,,,,,
,,,,,,,
,,,,,,,
,,,,,,,
,,,,,,,
,,,,,,,
,,,,,,,
,,,,,,,
,,,,,,,
,,,,,,,
,,,,,,,
,,,,,,,
,,,,,,,
,,,,,,,
,,,,,,,
,,,,,,,
,,,,,,,
,,,,,,,
,,,,,,,
,,,,,,,
,,,,,,,
,,,,,,,
,,,,,,,
,,,,,,,
,,,,,,,
,,,,,,,
,,,,,,,
,,,,,,,
,,,,,,,
,,,,,,,
,,,,,,,
,,,,,,,
,,,,,,,
,,,,,,,
,,,,,,,
,,,,,,,
,,,,,,,
,,,,,,,
,,,,,,,
,,,,,,,
,,,,,,,
,,,,,,,
,,,,,,,
,,,,,,,
,,,,,,,
,,,,,,,
,,,,,,,
,,,,,,,
,,,,,,,
,,,,,,,
,,,,,,,
,,,,,,,
,,,,,,,
,,,,,,,
,,,,,,,
,,,,,,,
,,,,,,,
,,,,,,,
,,,,,,,
,,,,,,,
,,,,,,,
,,,,,,,
,,,,,,,
,,,,,,,
,,,,,,,
,,,,,,,
,,,,,,,
,,,,,,,
,,,,,,,
,,,,,,,
,,,,,,,
,,,,,,,
,,,,,,,
,,,,,,,
,,,,,,,
,,,,,,,
,,,,,,,
,,,,,,,
,,,,,,,
,,,,,,,
,,,,,,,
,,,,,,,
,,,,,,,
,,,,,,,
,,,,,,,
,,,,,,,
,,,,,,,
,,,,,,,
,,,,,,,
,,,,,,,
,,,,,,,
,,,,,,,
,,,,,,,
,,,,,,,
,,,,,,,
,,,,,,,
,,,,,,,
,,,,,,,
,,,,,,,
,,,,,,,
,,,,,,,
,,,,,,,
,,,,,,,
,,,,,,,
,,,,,,,
,,,,,,,
,,,,,,,
,,,,,,,
,,,,,,,
,,,,,,,
,,,,,,,
,,,,,,,
,,,,,,,
,,,,,,,
,,,,,,,
,,,,,,,
,,,,,,,
,,,,,,,
,,,,,,,
,,,,,,,
,,,,,,,
,,,,,,,
,,,,,,,
,,,,,,,
,,,,,,,
,,,,,,,
,,,,,,,
,,,,,,,
,,,,,,,
,,,,,,,
,,,,,,,
,,,,,,,
,,,,,,,
,,,,,,,
,,,,,,,
,,,,,,,
,,,,,,,
,,,,,,,
,,,,,,,
,,,,,,,
,,,,,,,
,,,,,,,
,,,,,,,
,,,,,,,
,,,,,,,
,,,,,,,
,,,,,,,
,,,,,,,
,,,,,,,
,,,,,,,
,,,,,,,
,,,,,,,
,,,,,,,
,,,,,,,
,,,,,,,
,,,,,,,
,,,,,,,
,,,,,,,
,,,,,,,
,,,,,,,
,,,,,,,
,,,,,,,
,,,,,,,
,,,,,,,
,,,,,,,
,,,,,,,
,,,,,,,
,,,,,,,
,,,,,,,
,,,,,,,
,,,,,,,
,,,,,,,
,,,,,,,
,,,,,,,
,,,,,,,
,,,,,,,
,,,,,,,
,,,,,,,
,,,,,,,
,,,,,,,
,,,,,,,
,,,,,,,
,,,,,,,
,,,,,,,
,,,,,,,
,,,,,,,
,,,,,,,
,,,,,,,
,,,,,,,
,,,,,,,
,,,,,,,
,,,,,,,
,,,,,,,
,,,,,,,
,,,,,,,
,,,,,,,
,,,,,,,
,,,,,,,
,,,,,,,
,,,,,,,
,,,,,,,
,,,,,,,
,,,,,,,
,,,,,,,
,,,,,,,
,,,,,,,
,,,,,,,
,,,,,,,
,,,,,,,
,,,,,,,
,,,,,,,
,,,,,,,
,,,,,,,
,,,,,,,
,,,,,,,
,,,,,,,
,,,,,,,
,,,,,,,
,,,,,,,
,,,,,,,
,,,,,,,
,,,,,,,
,,,,,,,
,,,,,,,
,,,,,,,
,,,,,,,
,,,,,,,
,,,,,,,
,,,,,,,
,,,,,,,
,,,,,,,
,,,,,,,
,,,,,,,
,,,,,,,
,,,,,,,
,,,,,,,
,,,,,,,
,,,,,,,
,,,,,,,
,,,,,,,
,,,,,,,
,,,,,,,
2/09/2012 23:00,0.1,-4.9,69,26,25,101.1,Clear
2/10/2012 0:00,0.4,-3.5,75,22,25,101.12,Clear
2/10/2012 1:00,0.1,-4.1,73,19,25,101.13,Clear
2/10/2012 2:00,0,-4.3,73,22,25,101.15,Clear
2/10/2012 3:00,-1,-4.3,78,17,25,101.13,Clear
2/10/2012 4:00,-0.8,-4.4,77,20,25,101.1,Clear
2/10/2012 5:00,-0.8,-4.3,77,22,25,101.07,Clear
2/10/2012 6:00,-0.7,-4,78,22,25,101.07,Clear
2/10/2012 7:00,-0.5,-3.9,78,20,24.1,101.09,Mostly Cloudy
2/10/2012 8:00,-0.9,-4.2,78,17,24.1,101.12,Mostly Cloudy
2/10/2012 9:00,-0.1,-3.5,78,19,24.1,101.12,Cloudy
2/10/2012 10:00,0.9,-3.7,71,28,24.1,101.1,Mostly Cloudy
2/10/2012 11:00,1.4,-4.1,67,20,24.1,101.08,Cloudy
2/10/2012 12:00,1.4,-3.9,68,24,24.1,100.97,Cloudy
2/10/2012 13:00,1.3,-4.7,64,24,24.1,100.92,Cloudy
2/10/2012 14:00,1.1,-3.5,71,30,24.1,100.91,Cloudy
2/10/2012 15:00,1.3,-4,68,28,24.1,100.94,Cloudy
2/10/2012 16:00,1,-4.1,69,30,24.1,100.9,Cloudy
2/10/2012 17:00,0.9,-4.8,66,22,25,100.87,Cloudy
2/10/2012 18:00,0.4,-4.8,68,17,25,100.92,Cloudy
2/10/2012 19:00,0,-5.2,68,17,25,100.91,Mostly Cloudy
2/10/2012 20:00,-0.2,-5.2,69,15,25,100.88,Snow Showers
2/10/2012 21:00,-0.4,-4.7,73,13,25,100.84,Cloudy
2/10/2012 22:00,-0.7,-3,84,11,16.1,100.78,Snow
2/10/2012 23:00,-0.9,-2.4,90,6,9.7,100.76,"Snow,Fog"
2/11/2012 0:00,-1.4,-2.3,94,9,6.4,100.78,"Snow,Fog"
2/11/2012 1:00,-7.4,-8.9,89,24,3.6,100.83,Snow
2/11/2012 2:00,-8.6,-11,83,30,8,100.91,Snow
2/11/2012 3:00,-9.5,-12.4,79,22,6.4,100.93,Snow
2/11/2012 4:00,-10.8,-13.4,81,22,16.1,100.98,Snow
2/11/2012 5:00,-11.5,-14.4,79,20,16.1,100.99,Snow
2/11/2012 6:00,-12.2,-14.8,81,24,9.7,101,Snow
2/11/2012 7:00,-13,-15.7,80,20,12.9,100.96,Snow
2/11/2012 8:00,-13.7,-17.1,75,20,16.1,101.01,Snow
2/11/2012 9:00,-13.7,-19.1,64,20,24.1,101.04,Cloudy
2/11/2012 10:00,-13.4,-18.8,64,19,24.1,101.05,Snow
2/11/2012 11:00,-13.1,-18.8,62,11,24.1,101.03,Snow
2/11/2012 12:00,-12.8,-17.2,70,9,19.3,100.97,Snow
2/11/2012 13:00,-12.1,-16.4,70,7,24.1,100.85,Mostly Cloudy
2/11/2012 14:00,-11.3,-17.4,61,6,48.3,100.76,Mainly Clear
2/11/2012 15:00,-10.8,-18.8,52,11,48.3,100.73,Mainly Clear
2/11/2012 16:00,-10.4,-18.3,52,6,48.3,100.7,Mainly Clear
2/11/2012 17:00,-10.5,-17,59,4,25,100.68,Mainly Clear
2/11/2012 18:00,-12.8,-17.9,66,4,25,100.72,Clear
2/11/2012 19:00,-14,-21.2,54,7,25,100.74,Clear
2/11/2012 20:00,-14.4,-19.9,63,9,25,100.73,Clear
2/11/2012 21:00,-13.9,-18.6,68,7,25,100.71,Clear
2/11/2012 22:00,-13.5,-18.2,68,6,25,100.7,Clear
2/11/2012 23:00,-14.5,-20.8,59,13,25,100.68,Clear
2/12/2012 0:00,-15,-22.4,53,11,25,100.66,Clear
2/12/2012 1:00,-15.3,-23.1,51,11,25,100.62,Mostly Cloudy
2/12/2012 2:00,-15.9,-23.7,51,6,25,100.6,Clear
2/12/2012 3:00,-16.8,-23.9,54,9,25,100.57,Mainly Clear
2/12/2012 4:00,-16.6,-23.8,54,11,25,100.6,Cloudy
2/12/2012 5:00,-16.4,-22.8,58,11,25,100.59,Snow
2/12/2012 6:00,-16.7,-23.3,57,15,25,100.6,Snow
2/12/2012 7:00,-16.7,-23.5,56,19,24.1,100.64,Snow
2/12/2012 8:00,-16.9,-24.1,54,17,24.1,100.68,Cloudy
2/12/2012 9:00,-16.7,-24.6,50,17,24.1,100.72,Snow
2/12/2012 10:00,-16.6,-25.1,48,17,48.3,100.73,Mostly Cloudy
2/12/2012 11:00,-16.1,-25.3,45,20,48.3,100.72,Mainly Clear
2/12/2012 12:00,-14.8,-23.8,46,24,48.3,100.61,Mainly Clear
2/12/2012 13:00,-13.9,-23.2,45,20,48.3,100.55,Mainly Clear
2/12/2012 14:00,-13.2,-23,44,26,48.3,100.52,Mainly Clear
2/12/2012 15:00,-12.5,-22.8,42,28,48.3,100.51,Mainly Clear
2/12/2012 16:00,-12,-21.9,44,32,48.3,100.54,Mainly Clear
2/12/2012 17:00,-12,-22.1,43,26,25,100.56,Mainly Clear
2/12/2012 18:00,-12.3,-20.1,52,24,25,100.57,Mostly Cloudy
2/12/2012 19:00,-11.9,-19.3,54,24,25,100.58,Mostly Cloudy
2/12/2012 20:00,-11.3,-18.9,53,22,25,100.58,Cloudy
2/12/2012 21:00,-10.8,-18.8,52,24,25,100.55,Cloudy
2/12/2012 22:00,-10.6,-17.9,55,26,25,100.55,Cloudy
2/12/2012 23:00,-10.3,-17.3,56,20,25,100.53,Cloudy
2/13/2012 0:00,-10,-16.3,60,19,25,100.48,Snow
2/13/2012 1:00,-9.4,-16.5,56,22,25,100.37,Cloudy
2/13/2012 2:00,-8.8,-15.7,57,24,25,100.33,Cloudy
2/13/2012 3:00,-8.8,-14.6,63,20,25,100.31,Cloudy
2/13/2012 4:00,-8.4,-14.6,61,20,25,100.3,Cloudy
2/13/2012 5:00,-8,-15,57,22,25,100.33,Cloudy
2/13/2012 6:00,-7.9,-14.5,59,22,25,100.37,Cloudy
2/13/2012 7:00,-7.9,-14.5,59,22,24.1,100.44,Cloudy
2/13/2012 8:00,-8,-13.5,65,24,48.3,100.54,Cloudy
2/13/2012 9:00,-7.5,-14.6,57,20,48.3,100.56,Cloudy
2/13/2012 10:00,-6.8,-19.1,37,26,48.3,100.59,Mostly Cloudy
2/13/2012 11:00,-6.5,-13,60,20,48.3,100.59,Cloudy
2/13/2012 12:00,-5.2,-13.1,54,17,48.3,100.56,Mostly Cloudy
2/13/2012 13:00,-4.9,-14,49,24,48.3,100.52,Mostly Cloudy
2/13/2012 14:00,-4.3,-13.4,49,22,48.3,100.52,Cloudy
2/13/2012 15:00,-3.4,-12.4,50,24,48.3,100.54,Cloudy
2/13/2012 16:00,-3.4,-12.8,48,24,48.3,100.56,Cloudy
2/13/2012 17:00,-3.6,-13.7,45,15,24.1,100.6,Mostly Cloudy
2/13/2012 18:00,-4.9,-13.4,51,0,25,100.64,Mostly Cloudy
2/13/2012 19:00,-5.6,-12,61,15,25,100.69,Mostly Cloudy
2/13/2012 20:00,-7.2,-12,69,7,25,100.73,Cloudy
2/13/2012 21:00,-7.5,-12.1,70,11,19.3,100.76,Snow
2/13/2012 22:00,-9,-12.9,73,13,25,100.78,Cloudy
2/13/2012 23:00,-10.8,-14.8,72,19,25,100.8,Cloudy
2/14/2012 0:00,-11.8,-15.6,73,15,25,100.83,Mostly Cloudy
2/14/2012 1:00,-11.9,-16,72,13,25,100.86,Mainly Clear
2/14/2012 2:00,-12.9,-17.9,66,11,25,100.93,Mainly Clear
2/14/2012 3:00,-13.2,-19.1,61,9,25,100.96,Mostly Cloudy
2/14/2012 4:00,-13.4,-19.4,61,11,25,101.01,Mostly Cloudy
2/14/2012 5:00,-13.4,-19.7,59,4,25,101.03,Mostly Cloudy
2/14/2012 6:00,-14.2,-19.6,64,6,25,101.04,Mainly Clear
2/14/2012 7:00,-13.7,-19.9,59,7,24.1,101.07,Mainly Clear
2/14/2012 8:00,-13.6,-20,58,9,24.1,101.12,Mainly Clear
2/14/2012 9:00,-11.6,-18,59,4,24.1,101.12,Mainly Clear
2/14/2012 10:00,-8.8,-14.3,64,4,24.1,101.15,Mainly Clear
2/14/2012 11:00,-5,-10.6,65,0,19.3,101.14,Mostly Cloudy
2/14/2012 12:00,-3.2,-8.3,68,4,24.1,101.09,Cloudy
2/14/2012 13:00,-2.1,-6.5,72,4,24.1,101.02,Cloudy
2/14/2012 14:00,0.1,-5.1,68,9,24.1,100.98,Mostly Cloudy
2/14/2012 15:00,1.1,-5.3,62,9,24.1,100.98,Mostly Cloudy
2/14/2012 16:00,2.3,-4.9,59,7,24.1,100.97,Mostly Cloudy
2/14/2012 17:00,1.1,-3.7,70,9,24.1,101.01,Mostly Cloudy
2/14/2012 18:00,1.3,-3.9,68,9,25,101.08,Cloudy
2/14/2012 19:00,1.8,-6.1,56,7,25,101.13,Cloudy
2/14/2012 20:00,-0.2,-5.1,69,4,25,101.16,Mostly Cloudy
2/14/2012 21:00,-0.6,-6,67,7,25,101.18,Mainly Clear
2/14/2012 22:00,-0.5,-5.7,68,0,25,101.21,Cloudy
2/14/2012 23:00,-1.2,-5.6,72,0,25,101.22,Cloudy
2/15/2012 0:00,-1.9,-5.6,76,4,25,101.26,Cloudy
2/15/2012 1:00,-1.8,-5.2,78,4,25,101.31,Cloudy
2/15/2012 2:00,-1.2,-5.2,74,0,25,101.33,Cloudy
2/15/2012 3:00,-1.6,-5.4,75,4,25,101.36,Cloudy
2/15/2012 4:00,-0.7,-3.5,81,0,25,101.39,Snow
2/15/2012 5:00,-1.3,-3,88,7,4.8,101.45,Snow
2/15/2012 6:00,-1,-2.3,91,0,4.8,101.48,Snow
2/15/2012 7:00,-0.3,-1.6,91,4,6.4,101.51,Snow
2/15/2012 8:00,0.1,-1.5,89,4,4.8,101.57,Snow
2/15/2012 9:00,0.6,-1.2,88,4,3.2,101.61,Snow
2/15/2012 10:00,1,-0.7,88,0,6.4,101.62,Snow
2/15/2012 11:00,2,-0.2,85,0,8,101.65,Snow
2/15/2012 12:00,2.1,-0.3,84,0,9.7,101.67,Snow
2/15/2012 13:00,1.7,-0.3,87,6,9.7,101.67,Snow
2/15/2012 14:00,1.5,0,90,7,9.7,101.68,Snow
2/15/2012 15:00,1.9,0.1,88,6,12.9,101.72,Cloudy
2/15/2012 16:00,2.2,0.2,87,6,12.9,101.75,Rain
2/15/2012 17:00,2.1,0.3,88,6,11.3,101.8,Rain
2/15/2012 18:00,1.5,0.2,91,7,9.7,101.85,Rain
2/15/2012 19:00,1.5,0.2,91,7,9.7,101.89,Rain
2/15/2012 20:00,1.5,0.2,91,7,6.4,101.91,Rain
2/15/2012 21:00,1.3,0.1,92,13,8,101.95,Snow
2/15/2012 22:00,1.2,0,92,7,6.4,101.98,Fog
2/15/2012 23:00,1.4,0,90,7,8,101.97,Fog
2/16/2012 0:00,0.8,-0.4,92,9,9.7,101.96,Fog
2/16/2012 1:00,1.1,-0.5,89,7,12.9,102,Cloudy
2/16/2012 2:00,0.7,-0.8,90,4,12.9,101.97,Cloudy
2/16/2012 3:00,0.7,-0.7,90,6,25,101.94,Cloudy
2/16/2012 4:00,0.9,-0.7,89,7,12.9,101.94,Cloudy
2/16/2012 5:00,0.7,-0.9,89,4,12.9,101.92,Cloudy
2/16/2012 6:00,1.3,-0.9,85,6,12.9,101.93,Cloudy
2/16/2012 7:00,1.7,-0.9,83,7,12.9,101.96,Cloudy
2/16/2012 8:00,1.2,-1.2,84,7,16.1,101.95,Cloudy
2/16/2012 9:00,1.8,-1.3,80,0,16.1,101.91,Mostly Cloudy
2/16/2012 10:00,2.7,-1.1,76,11,24.1,101.83,Mainly Clear
2/16/2012 11:00,3.3,-2.1,68,11,24.1,101.76,Mostly Cloudy
2/16/2012 12:00,3.6,-3.1,62,19,24.1,101.65,Mostly Cloudy
2/16/2012 13:00,3.3,-2.7,65,19,24.1,101.53,Mostly Cloudy
2/16/2012 14:00,3.5,-2.7,64,19,24.1,101.39,Mostly Cloudy
2/16/2012 15:00,3.6,-2.8,63,19,24.1,101.29,Mostly Cloudy
2/16/2012 16:00,3.7,-2.5,64,15,24.1,101.22,Cloudy
2/16/2012 17:00,3.6,-2.7,63,15,24.1,101.17,Cloudy
2/16/2012 18:00,3,-2.1,69,19,24.1,101.13,Rain
2/16/2012 19:00,2.5,-1.4,75,17,25,101.02,Rain
2/16/2012 20:00,1.7,-0.7,84,17,16.1,100.94,Rain
2/16/2012 21:00,1.5,-0.5,87,15,25,100.88,Rain
2/16/2012 22:00,1.5,-0.6,86,17,12.9,100.8,Rain
2/16/2012 23:00,1.3,-0.3,89,19,16.1,100.71,Rain
2/17/2012 0:00,1.3,-0.3,89,19,12.9,100.64,Rain
2/17/2012 1:00,1.3,-0.2,90,19,12.9,100.57,Rain
2/17/2012 2:00,1.3,0.1,92,17,9.7,100.5,Rain
2/17/2012 3:00,1.4,0.2,92,19,12.9,100.45,Rain
2/17/2012 4:00,2.3,1.1,92,20,8,100.47,Drizzle
2/17/2012 5:00,2.8,1.6,92,24,12.9,100.49,Cloudy
2/17/2012 6:00,3,0.9,86,30,16.1,100.54,Cloudy
2/17/2012 7:00,3,-0.3,79,24,24.1,100.58,Mostly Cloudy
2/17/2012 8:00,2.8,-1.2,75,32,24.1,100.67,Cloudy
2/17/2012 9:00,2.3,-2.4,71,32,24.1,100.74,Mostly Cloudy
2/17/2012 10:00,2.5,-3,67,41,48.3,100.76,Mostly Cloudy
2/17/2012 11:00,2.6,-4,62,32,48.3,100.77,Cloudy
2/17/2012 12:00,2.6,-4.1,61,24,24.1,100.71,Cloudy
2/17/2012 13:00,3,-4.3,59,22,24.1,100.66,Mostly Cloudy
2/17/2012 14:00,3.5,-5.1,53,28,24.1,100.62,Mostly Cloudy
2/17/2012 15:00,3,-4.4,58,30,24.1,100.63,Mostly Cloudy
2/17/2012 16:00,3.1,-4.9,56,26,24.1,100.64,Cloudy
2/17/2012 17:00,2.6,-3.9,62,26,24.1,100.66,Mostly Cloudy
2/17/2012 18:00,2.3,-3.7,64,22,25,100.69,Mostly Cloudy
2/17/2012 19:00,2,-3.5,67,28,25,100.68,Mostly Cloudy
2/17/2012 20:00,1.8,-3.4,68,24,25,100.68,Mostly Cloudy
2/17/2012 21:00,1.7,-3.6,68,19,25,100.7,Mostly Cloudy
2/17/2012 22:00,1.2,-3.9,69,15,25,100.72,Mainly Clear
2/17/2012 23:00,0.9,-4.1,69,26,25,100.7,Mainly Clear
2/18/2012 0:00,0.7,-3.9,71,24,25,100.71,Mainly Clear
2/18/2012 1:00,0.7,-4.5,68,22,25,100.71,Mainly Clear
2/18/2012 2:00,0.3,-4.4,71,22,25,100.74,Mainly Clear
2/18/2012 3:00,0.3,-4.7,69,26,25,100.72,Mostly Cloudy
2/18/2012 4:00,-0.3,-4.9,71,22,25,100.74,Mostly Cloudy
2/18/2012 5:00,-0.6,-5.1,72,19,25,100.79,Cloudy
2/18/2012 6:00,-0.2,-5,70,20,25,100.82,Mostly Cloudy
2/18/2012 7:00,-0.6,-5.2,71,24,25,100.84,Mostly Cloudy
2/18/2012 8:00,-0.6,-5.3,70,19,24.1,100.85,Mostly Cloudy
2/18/2012 9:00,-0.6,-5.4,70,24,48.3,100.85,Mainly Clear
2/18/2012 10:00,0.1,-5.3,67,24,48.3,100.83,Cloudy
2/18/2012 11:00,0.5,-5.1,66,17,48.3,100.81,Cloudy
2/18/2012 12:00,1.1,-5.7,60,15,48.3,100.75,Mostly Cloudy
2/18/2012 13:00,1.8,-6.1,56,20,48.3,100.7,Mostly Cloudy
2/18/2012 14:00,1.2,-5.4,61,15,48.3,100.7,Mostly Cloudy
2/18/2012 15:00,1.5,-5.8,58,19,48.3,100.71,Mostly Cloudy
2/18/2012 16:00,1.5,-6.3,56,19,48.3,100.73,Mostly Cloudy
2/18/2012 17:00,1,-6.2,59,13,48.3,100.78,Mostly Cloudy
2/18/2012 18:00,0.8,-6.9,56,15,25,100.88,Mostly Cloudy
2/18/2012 19:00,-0.6,-7.8,58,11,25,100.99,Mainly Clear
2/18/2012 20:00,-1.7,-7.8,63,11,25,101.09,Clear
2/18/2012 21:00,-2.4,-8.1,65,9,25,101.16,Clear
2/18/2012 22:00,-3.5,-8.3,69,9,25,101.21,Clear
2/18/2012 23:00,-3.9,-8.7,69,9,25,101.29,Clear
2/19/2012 0:00,-3.9,-8.8,69,13,25,101.37,Clear
2/19/2012 1:00,-4.5,-9.8,66,19,25,101.46,Mainly Clear
2/19/2012 2:00,-5.2,-10.2,68,9,25,101.49,Mainly Clear
2/19/2012 3:00,-6,-10.3,72,0,25,101.43,Clear
2/19/2012 4:00,-5.8,-10.5,69,7,25,101.44,Mainly Clear
2/19/2012 5:00,-5.9,-9.7,74,9,25,101.48,Mainly Clear
2/19/2012 6:00,-6.7,-10.3,76,6,25,101.5,Clear
2/19/2012 7:00,-6.3,-10.5,72,7,25,101.53,Mainly Clear
2/19/2012 8:00,-5.8,-9.9,73,7,24.1,101.57,Mostly Cloudy
2/19/2012 9:00,-5.2,-9.7,71,9,24.1,101.59,Mostly Cloudy
2/19/2012 10:00,-4.7,-9.7,68,15,48.3,101.59,Cloudy
2/19/2012 11:00,-4,-9.1,68,17,48.3,101.59,Mostly Cloudy
2/19/2012 12:00,-3.2,-9,64,17,48.3,101.56,Mainly Clear
2/19/2012 13:00,-2.7,-8.6,64,19,48.3,101.51,Mainly Clear
2/19/2012 14:00,-2.3,-9.5,58,15,48.3,101.45,Clear
2/19/2012 15:00,-1.6,-9.3,56,17,48.3,101.43,Clear
2/19/2012 16:00,-1.6,-9.7,54,20,48.3,101.37,Clear
2/19/2012 17:00,-2.1,-9.8,56,15,48.3,101.36,Clear
2/19/2012 18:00,-2.9,-9.8,59,13,48.3,101.39,Clear
2/19/2012 19:00,-3.2,-10,59,15,25,101.43,Clear
2/19/2012 20:00,-3.8,-10.1,62,13,25,101.47,Clear
2/19/2012 21:00,-4.8,-10,67,11,25,101.51,Clear
2/19/2012 22:00,-5.4,-10.2,69,9,25,101.52,Clear
2/19/2012 23:00,-6.3,-11.8,65,7,25,101.52,Clear
2/20/2012 0:00,-6.7,-12.4,64,4,25,101.55,Clear
2/20/2012 1:00,-7.6,-12.6,67,0,25,101.63,Clear
2/20/2012 2:00,-8.8,-12.3,76,4,25,101.66,Clear
2/20/2012 3:00,-8.8,-12.7,73,7,25,101.68,Clear
2/20/2012 4:00,-9.8,-13,77,6,25,101.69,Clear
2/20/2012 5:00,-10.2,-13.7,75,6,25,101.77,Clear
2/20/2012 6:00,-10.7,-14.3,75,4,25,101.81,Clear
2/20/2012 7:00,-11,-14.4,76,4,24.1,101.87,Clear
2/20/2012 8:00,-9.9,-14.4,70,4,48.3,101.98,Mainly Clear
2/20/2012 9:00,-8.7,-14.1,65,6,48.3,102.04,Mostly Cloudy
2/20/2012 10:00,-8,-13.7,64,9,48.3,102.07,Mostly Cloudy
2/20/2012 11:00,-7.1,-13.3,61,9,48.3,102.09,Mostly Cloudy
2/20/2012 12:00,-6,-12.1,62,11,48.3,102.1,Mostly Cloudy
2/20/2012 13:00,-4.7,-11.7,58,20,48.3,102.08,Mostly Cloudy
2/20/2012 14:00,-3.1,-10.5,57,17,48.3,102.07,Mainly Clear
2/20/2012 15:00,-2,-9.7,56,19,48.3,102.07,Mostly Cloudy
2/20/2012 16:00,-1.8,-8.5,60,20,48.3,102.06,Mainly Clear
2/20/2012 17:00,-1.9,-8.9,59,17,48.3,102.08,Clear
2/20/2012 18:00,-3.2,-8.8,65,9,48.3,102.1,Clear
2/20/2012 19:00,-3.6,-8.7,68,7,25,102.13,Clear
2/20/2012 20:00,-4,-9,68,6,25,102.16,Mainly Clear
2/20/2012 21:00,-3.5,-8.9,66,6,25,102.18,Clear
2/20/2012 22:00,,,,,,,
